Scenario,Date,Hour,DailyMeanUsed_EUR_MWh,Price_EUR_MWh,Class,Source
LOW,2025-12-23,1,140.55,126.88565635979415,LAB_INV,ANCHOR_TOMORROW_MEAN
LOW,2025-12-23,2,140.55,114.92891457342886,LAB_INV,ANCHOR_TOMORROW_MEAN
LOW,2025-12-23,3,140.55,106.21009201015995,LAB_INV,ANCHOR_TOMORROW_MEAN
LOW,2025-12-23,4,140.55,101.09070438773975,LAB_INV,ANCHOR_TOMORROW_MEAN
LOW,2025-12-23,5,140.55,99.30770740153206,LAB_INV,ANCHOR_TOMORROW_MEAN
LOW,2025-12-23,6,140.55,105.78775983085873,LAB_INV,ANCHOR_TOMORROW_MEAN
LOW,2025-12-23,7,140.55,123.23569275599624,LAB_INV,ANCHOR_TOMORROW_MEAN
LOW,2025-12-23,8,140.55,148.12485868925592,LAB_INV,ANCHOR_TOMORROW_MEAN
LOW,2025-12-23,9,140.55,161.84098839918548,LAB_INV,ANCHOR_TOMORROW_MEAN
LOW,2025-12-23,10,140.55,161.2094734757284,LAB_INV,ANCHOR_TOMORROW_MEAN
LOW,2025-12-23,11,140.55,151.38409466185493,LAB_INV,ANCHOR_TOMORROW_MEAN
LOW,2025-12-23,12,140.55,142.51332968142322,LAB_INV,ANCHOR_TOMORROW_MEAN
LOW,2025-12-23,13,140.55,137.74411445090823,LAB_INV,ANCHOR_TOMORROW_MEAN
LOW,2025-12-23,14,140.55,134.78430142534015,LAB_INV,ANCHOR_TOMORROW_MEAN
LOW,2025-12-23,15,140.55,130.76779161342273,LAB_INV,ANCHOR_TOMORROW_MEAN
LOW,2025-12-23,16,140.55,130.24033005481093,LAB_INV,ANCHOR_TOMORROW_MEAN
LOW,2025-12-23,17,140.55,137.14153119356175,LAB_INV,ANCHOR_TOMORROW_MEAN
LOW,2025-12-23,18,140.55,153.28186453689005,LAB_INV,ANCHOR_TOMORROW_MEAN
LOW,2025-12-23,19,140.55,169.35336851185585,LAB_INV,ANCHOR_TOMORROW_MEAN
LOW,2025-12-23,20,140.55,181.98904057676157,LAB_INV,ANCHOR_TOMORROW_MEAN
LOW,2025-12-23,21,140.55,182.2250215893981,LAB_INV,ANCHOR_TOMORROW_MEAN
LOW,2025-12-23,22,140.55,169.42515439756312,LAB_INV,ANCHOR_TOMORROW_MEAN
LOW,2025-12-23,23,140.55,152.87139961805377,LAB_INV,ANCHOR_TOMORROW_MEAN
LOW,2025-12-23,24,140.55,137.20249335644243,LAB_INV,ANCHOR_TOMORROW_MEAN
LOW,2025-12-24,1,52.886361666666666,47.74472225226935,LAB_INV,BLEND_w=0.70_baseline=p10
LOW,2025-12-24,2,52.886361666666666,43.245621786465996,LAB_INV,BLEND_w=0.70_baseline=p10
LOW,2025-12-24,3,52.886361666666666,39.964890350048115,LAB_INV,BLEND_w=0.70_baseline=p10
LOW,2025-12-24,4,52.886361666666666,38.038559611441414,LAB_INV,BLEND_w=0.70_baseline=p10
LOW,2025-12-24,5,52.886361666666666,37.36765087104186,LAB_INV,BLEND_w=0.70_baseline=p10
LOW,2025-12-24,6,52.886361666666666,39.80597457361271,LAB_INV,BLEND_w=0.70_baseline=p10
LOW,2025-12-24,7,52.886361666666666,46.371308554506086,LAB_INV,BLEND_w=0.70_baseline=p10
LOW,2025-12-24,8,52.886361666666666,55.736640686331405,LAB_INV,BLEND_w=0.70_baseline=p10
LOW,2025-12-24,9,52.886361666666666,60.89776623955978,LAB_INV,BLEND_w=0.70_baseline=p10
LOW,2025-12-24,10,52.886361666666666,60.66013887107989,LAB_INV,BLEND_w=0.70_baseline=p10
LOW,2025-12-24,11,52.886361666666666,56.96303081371584,LAB_INV,BLEND_w=0.70_baseline=p10
LOW,2025-12-24,12,52.886361666666666,53.62512626006865,LAB_INV,BLEND_w=0.70_baseline=p10
LOW,2025-12-24,13,52.886361666666666,51.83055890647782,LAB_INV,BLEND_w=0.70_baseline=p10
LOW,2025-12-24,14,52.886361666666666,50.716836088008215,LAB_INV,BLEND_w=0.70_baseline=p10
LOW,2025-12-24,15,52.886361666666666,49.20549784147118,LAB_INV,BLEND_w=0.70_baseline=p10
LOW,2025-12-24,16,52.886361666666666,49.007023826857115,LAB_INV,BLEND_w=0.70_baseline=p10
LOW,2025-12-24,17,52.886361666666666,51.6038179880694,LAB_INV,BLEND_w=0.70_baseline=p10
LOW,2025-12-24,18,52.886361666666666,57.677126466303626,LAB_INV,BLEND_w=0.70_baseline=p10
LOW,2025-12-24,19,52.886361666666666,63.724535728113025,LAB_INV,BLEND_w=0.70_baseline=p10
LOW,2025-12-24,20,52.886361666666666,68.47910508226458,LAB_INV,BLEND_w=0.70_baseline=p10
LOW,2025-12-24,21,52.886361666666666,68.56790036636818,LAB_INV,BLEND_w=0.70_baseline=p10
LOW,2025-12-24,22,52.886361666666666,63.75154742725267,LAB_INV,BLEND_w=0.70_baseline=p10
LOW,2025-12-24,23,52.886361666666666,57.52267612017018,LAB_INV,BLEND_w=0.70_baseline=p10
LOW,2025-12-24,24,52.886361666666666,51.62675692079149,LAB_INV,BLEND_w=0.70_baseline=p10
LOW,2025-12-25,1,25.829315,27.972610652741047,DOM_INV,BLEND_w=0.30_baseline=p10
LOW,2025-12-25,2,25.829315,24.293364580549742,DOM_INV,BLEND_w=0.30_baseline=p10
LOW,2025-12-25,3,25.829315,22.093665148593082,DOM_INV,BLEND_w=0.30_baseline=p10
LOW,2025-12-25,4,25.829315,20.027847210832473,DOM_INV,BLEND_w=0.30_baseline=p10
LOW,2025-12-25,5,25.829315,19.20900818524703,DOM_INV,BLEND_w=0.30_baseline=p10
LOW,2025-12-25,6,25.829315,19.058462592390736,DOM_INV,BLEND_w=0.30_baseline=p10
LOW,2025-12-25,7,25.829315,19.575003453005966,DOM_INV,BLEND_w=0.30_baseline=p10
LOW,2025-12-25,8,25.829315,20.971649750694823,DOM_INV,BLEND_w=0.30_baseline=p10
LOW,2025-12-25,9,25.829315,22.536853820730226,DOM_INV,BLEND_w=0.30_baseline=p10
LOW,2025-12-25,10,25.829315,23.662540498216106,DOM_INV,BLEND_w=0.30_baseline=p10
LOW,2025-12-25,11,25.829315,23.522176722023257,DOM_INV,BLEND_w=0.30_baseline=p10
LOW,2025-12-25,12,25.829315,22.57432443344532,DOM_INV,BLEND_w=0.30_baseline=p10
LOW,2025-12-25,13,25.829315,21.77201396186997,DOM_INV,BLEND_w=0.30_baseline=p10
LOW,2025-12-25,14,25.829315,22.014173444749087,DOM_INV,BLEND_w=0.30_baseline=p10
LOW,2025-12-25,15,25.829315,21.323963726701418,DOM_INV,BLEND_w=0.30_baseline=p10
LOW,2025-12-25,16,25.829315,20.115399582114126,DOM_INV,BLEND_w=0.30_baseline=p10
LOW,2025-12-25,17,25.829315,22.308829526908163,DOM_INV,BLEND_w=0.30_baseline=p10
LOW,2025-12-25,18,25.829315,28.077220347625538,DOM_INV,BLEND_w=0.30_baseline=p10
LOW,2025-12-25,19,25.829315,33.40545174708714,DOM_INV,BLEND_w=0.30_baseline=p10
LOW,2025-12-25,20,25.829315,37.1816705914027,DOM_INV,BLEND_w=0.30_baseline=p10
LOW,2025-12-25,21,25.829315,39.83275119926704,DOM_INV,BLEND_w=0.30_baseline=p10
LOW,2025-12-25,22,25.829315,38.751428216461356,DOM_INV,BLEND_w=0.30_baseline=p10
LOW,2025-12-25,23,25.829315,34.57341893154964,DOM_INV,BLEND_w=0.30_baseline=p10
LOW,2025-12-25,24,25.829315,30.897767408283954,DOM_INV,BLEND_w=0.30_baseline=p10
LOW,2025-12-26,1,37.243916666666664,33.6230438396263,LAB_INV,BLEND_w=0.00_baseline=p10
LOW,2025-12-26,2,37.243916666666664,30.454663229905627,LAB_INV,BLEND_w=0.00_baseline=p10
LOW,2025-12-26,3,37.243916666666664,28.14428897890712,LAB_INV,BLEND_w=0.00_baseline=p10
LOW,2025-12-26,4,37.243916666666664,26.787718036226345,LAB_INV,BLEND_w=0.00_baseline=p10
LOW,2025-12-26,5,37.243916666666664,26.315247092283,LAB_INV,BLEND_w=0.00_baseline=p10
LOW,2025-12-26,6,37.243916666666664,28.03237646029064,LAB_INV,BLEND_w=0.00_baseline=p10
LOW,2025-12-26,7,37.243916666666664,32.65585109472259,LAB_INV,BLEND_w=0.00_baseline=p10
LOW,2025-12-26,8,37.243916666666664,39.25115541290944,LAB_INV,BLEND_w=0.00_baseline=p10
LOW,2025-12-26,9,37.243916666666664,42.88575087292942,LAB_INV,BLEND_w=0.00_baseline=p10
LOW,2025-12-26,10,37.243916666666664,42.71840765569006,LAB_INV,BLEND_w=0.00_baseline=p10
LOW,2025-12-26,11,37.243916666666664,40.114810432194254,LAB_INV,BLEND_w=0.00_baseline=p10
LOW,2025-12-26,12,37.243916666666664,37.76417342258355,LAB_INV,BLEND_w=0.00_baseline=p10
LOW,2025-12-26,13,37.243916666666664,36.50039359611114,LAB_INV,BLEND_w=0.00_baseline=p10
LOW,2025-12-26,14,37.243916666666664,35.716081752118455,LAB_INV,BLEND_w=0.00_baseline=p10
LOW,2025-12-26,15,37.243916666666664,34.65175904328956,LAB_INV,BLEND_w=0.00_baseline=p10
LOW,2025-12-26,16,37.243916666666664,34.51198861046275,LAB_INV,BLEND_w=0.00_baseline=p10
LOW,2025-12-26,17,37.243916666666664,36.34071689300662,LAB_INV,BLEND_w=0.00_baseline=p10
LOW,2025-12-26,18,37.243916666666664,40.61769469458002,LAB_INV,BLEND_w=0.00_baseline=p10
LOW,2025-12-26,19,37.243916666666664,44.876433611347196,LAB_INV,BLEND_w=0.00_baseline=p10
LOW,2025-12-26,20,37.243916666666664,48.22472188891871,LAB_INV,BLEND_w=0.00_baseline=p10
LOW,2025-12-26,21,37.243916666666664,48.28725377913252,LAB_INV,BLEND_w=0.00_baseline=p10
LOW,2025-12-26,22,37.243916666666664,44.895455934684975,LAB_INV,BLEND_w=0.00_baseline=p10
LOW,2025-12-26,23,37.243916666666664,40.50892684519027,LAB_INV,BLEND_w=0.00_baseline=p10
LOW,2025-12-26,24,37.243916666666664,36.35687107097992,LAB_INV,BLEND_w=0.00_baseline=p10
LOW,2025-12-27,1,27.868625,30.29322566154438,SAT_INV,BLEND_w=0.00_baseline=p10
LOW,2025-12-27,2,27.868625,27.277800672269368,SAT_INV,BLEND_w=0.00_baseline=p10
LOW,2025-12-27,3,27.868625,24.686551997251666,SAT_INV,BLEND_w=0.00_baseline=p10
LOW,2025-12-27,4,27.868625,23.284522420853104,SAT_INV,BLEND_w=0.00_baseline=p10
LOW,2025-12-27,5,27.868625,22.344644791438004,SAT_INV,BLEND_w=0.00_baseline=p10
LOW,2025-12-27,6,27.868625,22.201346836048444,SAT_INV,BLEND_w=0.00_baseline=p10
LOW,2025-12-27,7,27.868625,23.273747030009368,SAT_INV,BLEND_w=0.00_baseline=p10
LOW,2025-12-27,8,27.868625,24.971856143043066,SAT_INV,BLEND_w=0.00_baseline=p10
LOW,2025-12-27,9,27.868625,26.940163278144833,SAT_INV,BLEND_w=0.00_baseline=p10
LOW,2025-12-27,10,27.868625,28.63832586000858,SAT_INV,BLEND_w=0.00_baseline=p10
LOW,2025-12-27,11,27.868625,28.200219102342178,SAT_INV,BLEND_w=0.00_baseline=p10
LOW,2025-12-27,12,27.868625,25.849528071265933,SAT_INV,BLEND_w=0.00_baseline=p10
LOW,2025-12-27,13,27.868625,24.444417176554563,SAT_INV,BLEND_w=0.00_baseline=p10
LOW,2025-12-27,14,27.868625,24.050904313030518,SAT_INV,BLEND_w=0.00_baseline=p10
LOW,2025-12-27,15,27.868625,23.347455065390317,SAT_INV,BLEND_w=0.00_baseline=p10
LOW,2025-12-27,16,27.868625,22.685633336833977,SAT_INV,BLEND_w=0.00_baseline=p10
LOW,2025-12-27,17,27.868625,24.23699745314343,SAT_INV,BLEND_w=0.00_baseline=p10
LOW,2025-12-27,18,27.868625,28.15179860313184,SAT_INV,BLEND_w=0.00_baseline=p10
LOW,2025-12-27,19,27.868625,33.36730863532218,SAT_INV,BLEND_w=0.00_baseline=p10
LOW,2025-12-27,20,27.868625,37.401351462292745,SAT_INV,BLEND_w=0.00_baseline=p10
LOW,2025-12-27,21,27.868625,38.941933474806724,SAT_INV,BLEND_w=0.00_baseline=p10
LOW,2025-12-27,22,27.868625,35.98702496988961,SAT_INV,BLEND_w=0.00_baseline=p10
LOW,2025-12-27,23,27.868625,32.315575628770766,SAT_INV,BLEND_w=0.00_baseline=p10
LOW,2025-12-27,24,27.868625,29.631714911461472,SAT_INV,BLEND_w=0.00_baseline=p10
LOW,2025-12-28,1,21.88925,23.705602248085633,DOM_INV,BLEND_w=0.00_baseline=p10
LOW,2025-12-28,2,21.88925,20.5875971021608,DOM_INV,BLEND_w=0.00_baseline=p10
LOW,2025-12-28,3,21.88925,18.723445041180575,DOM_INV,BLEND_w=0.00_baseline=p10
LOW,2025-12-28,4,21.88925,16.97275187358684,DOM_INV,BLEND_w=0.00_baseline=p10
LOW,2025-12-28,5,21.88925,16.278820495972056,DOM_INV,BLEND_w=0.00_baseline=p10
LOW,2025-12-28,6,21.88925,16.151239485076893,DOM_INV,BLEND_w=0.00_baseline=p10
LOW,2025-12-28,7,21.88925,16.5889859771237,DOM_INV,BLEND_w=0.00_baseline=p10
LOW,2025-12-28,8,21.88925,17.772584534487137,DOM_INV,BLEND_w=0.00_baseline=p10
LOW,2025-12-28,9,21.88925,19.099028661635785,DOM_INV,BLEND_w=0.00_baseline=p10
LOW,2025-12-28,10,21.88925,20.05300042221704,DOM_INV,BLEND_w=0.00_baseline=p10
LOW,2025-12-28,11,21.88925,19.934048069511235,DOM_INV,BLEND_w=0.00_baseline=p10
LOW,2025-12-28,12,21.88925,19.130783418173998,DOM_INV,BLEND_w=0.00_baseline=p10
LOW,2025-12-28,13,21.88925,18.450859289720313,DOM_INV,BLEND_w=0.00_baseline=p10
LOW,2025-12-28,14,21.88925,18.656079190465327,DOM_INV,BLEND_w=0.00_baseline=p10
LOW,2025-12-28,15,21.88925,18.07115570059442,DOM_INV,BLEND_w=0.00_baseline=p10
LOW,2025-12-28,16,21.88925,17.046948798401804,DOM_INV,BLEND_w=0.00_baseline=p10
LOW,2025-12-28,17,21.88925,18.905787734667932,DOM_INV,BLEND_w=0.00_baseline=p10
LOW,2025-12-28,18,21.88925,23.794254531886047,DOM_INV,BLEND_w=0.00_baseline=p10
LOW,2025-12-28,19,21.88925,28.309704870412833,DOM_INV,BLEND_w=0.00_baseline=p10
LOW,2025-12-28,20,21.88925,31.509890331697203,DOM_INV,BLEND_w=0.00_baseline=p10
LOW,2025-12-28,21,21.88925,33.75656881293817,DOM_INV,BLEND_w=0.00_baseline=p10
LOW,2025-12-28,22,21.88925,32.84019340378081,DOM_INV,BLEND_w=0.00_baseline=p10
LOW,2025-12-28,23,21.88925,29.29950756910986,DOM_INV,BLEND_w=0.00_baseline=p10
LOW,2025-12-28,24,21.88925,26.184548651088097,DOM_INV,BLEND_w=0.00_baseline=p10
LOW,2025-12-29,1,37.243916666666664,33.6230438396263,LAB_INV,BLEND_w=0.00_baseline=p10
LOW,2025-12-29,2,37.243916666666664,30.454663229905627,LAB_INV,BLEND_w=0.00_baseline=p10
LOW,2025-12-29,3,37.243916666666664,28.14428897890712,LAB_INV,BLEND_w=0.00_baseline=p10
LOW,2025-12-29,4,37.243916666666664,26.787718036226345,LAB_INV,BLEND_w=0.00_baseline=p10
LOW,2025-12-29,5,37.243916666666664,26.315247092283,LAB_INV,BLEND_w=0.00_baseline=p10
LOW,2025-12-29,6,37.243916666666664,28.03237646029064,LAB_INV,BLEND_w=0.00_baseline=p10
LOW,2025-12-29,7,37.243916666666664,32.65585109472259,LAB_INV,BLEND_w=0.00_baseline=p10
LOW,2025-12-29,8,37.243916666666664,39.25115541290944,LAB_INV,BLEND_w=0.00_baseline=p10
LOW,2025-12-29,9,37.243916666666664,42.88575087292942,LAB_INV,BLEND_w=0.00_baseline=p10
LOW,2025-12-29,10,37.243916666666664,42.71840765569006,LAB_INV,BLEND_w=0.00_baseline=p10
LOW,2025-12-29,11,37.243916666666664,40.114810432194254,LAB_INV,BLEND_w=0.00_baseline=p10
LOW,2025-12-29,12,37.243916666666664,37.76417342258355,LAB_INV,BLEND_w=0.00_baseline=p10
LOW,2025-12-29,13,37.243916666666664,36.50039359611114,LAB_INV,BLEND_w=0.00_baseline=p10
LOW,2025-12-29,14,37.243916666666664,35.716081752118455,LAB_INV,BLEND_w=0.00_baseline=p10
LOW,2025-12-29,15,37.243916666666664,34.65175904328956,LAB_INV,BLEND_w=0.00_baseline=p10
LOW,2025-12-29,16,37.243916666666664,34.51198861046275,LAB_INV,BLEND_w=0.00_baseline=p10
LOW,2025-12-29,17,37.243916666666664,36.34071689300662,LAB_INV,BLEND_w=0.00_baseline=p10
LOW,2025-12-29,18,37.243916666666664,40.61769469458002,LAB_INV,BLEND_w=0.00_baseline=p10
LOW,2025-12-29,19,37.243916666666664,44.876433611347196,LAB_INV,BLEND_w=0.00_baseline=p10
LOW,2025-12-29,20,37.243916666666664,48.22472188891871,LAB_INV,BLEND_w=0.00_baseline=p10
LOW,2025-12-29,21,37.243916666666664,48.28725377913252,LAB_INV,BLEND_w=0.00_baseline=p10
LOW,2025-12-29,22,37.243916666666664,44.895455934684975,LAB_INV,BLEND_w=0.00_baseline=p10
LOW,2025-12-29,23,37.243916666666664,40.50892684519027,LAB_INV,BLEND_w=0.00_baseline=p10
LOW,2025-12-29,24,37.243916666666664,36.35687107097992,LAB_INV,BLEND_w=0.00_baseline=p10
MED,2025-12-23,1,140.55,126.88565635979415,LAB_INV,ANCHOR_TOMORROW_MEAN
MED,2025-12-23,2,140.55,114.92891457342886,LAB_INV,ANCHOR_TOMORROW_MEAN
MED,2025-12-23,3,140.55,106.21009201015995,LAB_INV,ANCHOR_TOMORROW_MEAN
MED,2025-12-23,4,140.55,101.09070438773975,LAB_INV,ANCHOR_TOMORROW_MEAN
MED,2025-12-23,5,140.55,99.30770740153206,LAB_INV,ANCHOR_TOMORROW_MEAN
MED,2025-12-23,6,140.55,105.78775983085873,LAB_INV,ANCHOR_TOMORROW_MEAN
MED,2025-12-23,7,140.55,123.23569275599624,LAB_INV,ANCHOR_TOMORROW_MEAN
MED,2025-12-23,8,140.55,148.12485868925592,LAB_INV,ANCHOR_TOMORROW_MEAN
MED,2025-12-23,9,140.55,161.84098839918548,LAB_INV,ANCHOR_TOMORROW_MEAN
MED,2025-12-23,10,140.55,161.2094734757284,LAB_INV,ANCHOR_TOMORROW_MEAN
MED,2025-12-23,11,140.55,151.38409466185493,LAB_INV,ANCHOR_TOMORROW_MEAN
MED,2025-12-23,12,140.55,142.51332968142322,LAB_INV,ANCHOR_TOMORROW_MEAN
MED,2025-12-23,13,140.55,137.74411445090823,LAB_INV,ANCHOR_TOMORROW_MEAN
MED,2025-12-23,14,140.55,134.78430142534015,LAB_INV,ANCHOR_TOMORROW_MEAN
MED,2025-12-23,15,140.55,130.76779161342273,LAB_INV,ANCHOR_TOMORROW_MEAN
MED,2025-12-23,16,140.55,130.24033005481093,LAB_INV,ANCHOR_TOMORROW_MEAN
MED,2025-12-23,17,140.55,137.14153119356175,LAB_INV,ANCHOR_TOMORROW_MEAN
MED,2025-12-23,18,140.55,153.28186453689005,LAB_INV,ANCHOR_TOMORROW_MEAN
MED,2025-12-23,19,140.55,169.35336851185585,LAB_INV,ANCHOR_TOMORROW_MEAN
MED,2025-12-23,20,140.55,181.98904057676157,LAB_INV,ANCHOR_TOMORROW_MEAN
MED,2025-12-23,21,140.55,182.2250215893981,LAB_INV,ANCHOR_TOMORROW_MEAN
MED,2025-12-23,22,140.55,169.42515439756312,LAB_INV,ANCHOR_TOMORROW_MEAN
MED,2025-12-23,23,140.55,152.87139961805377,LAB_INV,ANCHOR_TOMORROW_MEAN
MED,2025-12-23,24,140.55,137.20249335644243,LAB_INV,ANCHOR_TOMORROW_MEAN
MED,2025-12-24,1,88.61155,79.99668931205063,LAB_INV,BLEND_w=0.70_baseline=p50
MED,2025-12-24,2,88.61155,72.4584081121958,LAB_INV,BLEND_w=0.70_baseline=p50
MED,2025-12-24,3,88.61155,66.96151461161784,LAB_INV,BLEND_w=0.70_baseline=p50
MED,2025-12-24,4,88.61155,63.73393103087456,LAB_INV,BLEND_w=0.70_baseline=p50
MED,2025-12-24,5,88.61155,62.609817714665425,LAB_INV,BLEND_w=0.70_baseline=p50
MED,2025-12-24,6,88.61155,66.6952498729287,LAB_INV,BLEND_w=0.70_baseline=p50
MED,2025-12-24,7,88.61155,77.69552294864886,LAB_INV,BLEND_w=0.70_baseline=p50
MED,2025-12-24,8,88.61155,93.38721680530723,LAB_INV,BLEND_w=0.70_baseline=p50
MED,2025-12-24,9,88.61155,102.03472668505046,LAB_INV,BLEND_w=0.70_baseline=p50
MED,2025-12-24,10,88.61155,101.63658000261955,LAB_INV,BLEND_w=0.70_baseline=p50
MED,2025-12-24,11,88.61155,95.44204392268722,LAB_INV,BLEND_w=0.70_baseline=p50
MED,2025-12-24,12,88.61155,89.84935637660558,LAB_INV,BLEND_w=0.70_baseline=p50
MED,2025-12-24,13,88.61155,86.84254347116595,LAB_INV,BLEND_w=0.70_baseline=p50
MED,2025-12-24,14,88.61155,84.97649139072642,LAB_INV,BLEND_w=0.70_baseline=p50
MED,2025-12-24,15,88.61155,82.44423126960076,LAB_INV,BLEND_w=0.70_baseline=p50
MED,2025-12-24,16,88.61155,82.11168636548119,LAB_INV,BLEND_w=0.70_baseline=p50
MED,2025-12-24,17,88.61155,86.46263712867204,LAB_INV,BLEND_w=0.70_baseline=p50
MED,2025-12-24,18,88.61155,96.63851727857602,LAB_INV,BLEND_w=0.70_baseline=p50
MED,2025-12-24,19,88.61155,106.77100307048549,LAB_INV,BLEND_w=0.70_baseline=p50
MED,2025-12-24,20,88.61155,114.73732457146733,LAB_INV,BLEND_w=0.70_baseline=p50
MED,2025-12-24,21,88.61155,114.88610182725027,LAB_INV,BLEND_w=0.70_baseline=p50
MED,2025-12-24,22,88.61155,106.81626140275618,LAB_INV,BLEND_w=0.70_baseline=p50
MED,2025-12-24,23,88.61155,96.37973440644005,LAB_INV,BLEND_w=0.70_baseline=p50
MED,2025-12-24,24,88.61155,86.50107150607658,LAB_INV,BLEND_w=0.70_baseline=p50
MED,2025-12-25,1,63.635925,68.91638255029335,DOM_INV,BLEND_w=0.30_baseline=p50
MED,2025-12-25,2,63.635925,59.85178958270941,DOM_INV,BLEND_w=0.30_baseline=p50
MED,2025-12-25,3,63.635925,54.432369513902444,DOM_INV,BLEND_w=0.30_baseline=p50
MED,2025-12-25,4,63.635925,49.3427945348142,DOM_INV,BLEND_w=0.30_baseline=p50
MED,2025-12-25,5,63.635925,47.32541316720037,DOM_INV,BLEND_w=0.30_baseline=p50
MED,2025-12-25,6,63.635925,46.95451258171896,DOM_INV,BLEND_w=0.30_baseline=p50
MED,2025-12-25,7,63.635925,48.227119132281615,DOM_INV,BLEND_w=0.30_baseline=p50
MED,2025-12-25,8,63.635925,51.6680496815918,DOM_INV,BLEND_w=0.30_baseline=p50
MED,2025-12-25,9,63.635925,55.52425759149835,DOM_INV,BLEND_w=0.30_baseline=p50
MED,2025-12-25,10,63.635925,58.29762238967401,DOM_INV,BLEND_w=0.30_baseline=p50
MED,2025-12-25,11,63.635925,57.95180684115772,DOM_INV,BLEND_w=0.30_baseline=p50
MED,2025-12-25,12,63.635925,55.61657429058393,DOM_INV,BLEND_w=0.30_baseline=p50
MED,2025-12-25,13,63.635925,53.63991447611019,DOM_INV,BLEND_w=0.30_baseline=p50
MED,2025-12-25,14,63.635925,54.23652505949323,DOM_INV,BLEND_w=0.30_baseline=p50
MED,2025-12-25,15,63.635925,52.53604892019366,DOM_INV,BLEND_w=0.30_baseline=p50
MED,2025-12-25,16,63.635925,49.558498130997506,DOM_INV,BLEND_w=0.30_baseline=p50
MED,2025-12-25,17,63.635925,54.96247200563055,DOM_INV,BLEND_w=0.30_baseline=p50
MED,2025-12-25,18,63.635925,69.17411043420906,DOM_INV,BLEND_w=0.30_baseline=p50
MED,2025-12-25,19,63.635925,82.3013239789269,DOM_INV,BLEND_w=0.30_baseline=p50
MED,2025-12-25,20,63.635925,91.60482967237837,DOM_INV,BLEND_w=0.30_baseline=p50
MED,2025-12-25,21,63.635925,98.13632176696197,DOM_INV,BLEND_w=0.30_baseline=p50
MED,2025-12-25,22,63.635925,95.47225621839443,DOM_INV,BLEND_w=0.30_baseline=p50
MED,2025-12-25,23,63.635925,85.17885565767705,DOM_INV,BLEND_w=0.30_baseline=p50
MED,2025-12-25,24,63.635925,76.12311861390835,DOM_INV,BLEND_w=0.30_baseline=p50
MED,2025-12-26,1,62.4025,56.33569669862722,LAB_INV,BLEND_w=0.00_baseline=p50
MED,2025-12-26,2,62.4025,51.02704796633507,LAB_INV,BLEND_w=0.00_baseline=p50
MED,2025-12-26,3,62.4025,47.15599620536468,LAB_INV,BLEND_w=0.00_baseline=p50
MED,2025-12-26,4,62.4025,44.88305002174265,LAB_INV,BLEND_w=0.00_baseline=p50
MED,2025-12-26,5,62.4025,44.09142092582073,LAB_INV,BLEND_w=0.00_baseline=p50
MED,2025-12-26,6,62.4025,46.96848582600613,LAB_INV,BLEND_w=0.00_baseline=p50
MED,2025-12-26,7,62.4025,54.715157006090756,LAB_INV,BLEND_w=0.00_baseline=p50
MED,2025-12-26,8,62.4025,65.76564563754032,LAB_INV,BLEND_w=0.00_baseline=p50
MED,2025-12-26,9,62.4025,71.85544132750033,LAB_INV,BLEND_w=0.00_baseline=p50
MED,2025-12-26,10,62.4025,71.57505633987293,LAB_INV,BLEND_w=0.00_baseline=p50
MED,2025-12-26,11,62.4025,67.2127069878079,LAB_INV,BLEND_w=0.00_baseline=p50
MED,2025-12-26,12,62.4025,63.27419463141239,LAB_INV,BLEND_w=0.00_baseline=p50
MED,2025-12-26,13,62.4025,61.156720754342224,LAB_INV,BLEND_w=0.00_baseline=p50
MED,2025-12-26,14,62.4025,59.842599570934105,LAB_INV,BLEND_w=0.00_baseline=p50
MED,2025-12-26,15,62.4025,58.0593177954935,LAB_INV,BLEND_w=0.00_baseline=p50
MED,2025-12-26,16,62.4025,57.82513124329662,LAB_INV,BLEND_w=0.00_baseline=p50
MED,2025-12-26,17,62.4025,60.88918107652962,LAB_INV,BLEND_w=0.00_baseline=p50
MED,2025-12-26,18,62.4025,68.05529385815213,LAB_INV,BLEND_w=0.00_baseline=p50
MED,2025-12-26,19,62.4025,75.19084723273627,LAB_INV,BLEND_w=0.00_baseline=p50
MED,2025-12-26,20,62.4025,80.80093279680798,LAB_INV,BLEND_w=0.00_baseline=p50
MED,2025-12-26,21,62.4025,80.90570551214809,LAB_INV,BLEND_w=0.00_baseline=p50
MED,2025-12-26,22,62.4025,75.22271929771563,LAB_INV,BLEND_w=0.00_baseline=p50
MED,2025-12-26,23,62.4025,67.87305239890145,LAB_INV,BLEND_w=0.00_baseline=p50
MED,2025-12-26,24,62.4025,60.91624753949056,LAB_INV,BLEND_w=0.00_baseline=p50
MED,2025-12-27,1,55.092083333333335,59.885154455279896,SAT_INV,BLEND_w=0.00_baseline=p50
MED,2025-12-27,2,55.092083333333335,53.92411243061759,SAT_INV,BLEND_w=0.00_baseline=p50
MED,2025-12-27,3,55.092083333333335,48.801603231061996,SAT_INV,BLEND_w=0.00_baseline=p50
MED,2025-12-27,4,55.092083333333335,46.03000146532194,SAT_INV,BLEND_w=0.00_baseline=p50
MED,2025-12-27,5,55.092083333333335,44.1720046433448,SAT_INV,BLEND_w=0.00_baseline=p50
MED,2025-12-27,6,55.092083333333335,43.888726121357514,SAT_INV,BLEND_w=0.00_baseline=p50
MED,2025-12-27,7,55.092083333333335,46.00870013702489,SAT_INV,BLEND_w=0.00_baseline=p50
MED,2025-12-27,8,55.092083333333335,49.36560664979131,SAT_INV,BLEND_w=0.00_baseline=p50
MED,2025-12-27,9,55.092083333333335,53.25665404493984,SAT_INV,BLEND_w=0.00_baseline=p50
MED,2025-12-27,10,55.092083333333335,56.61366625754761,SAT_INV,BLEND_w=0.00_baseline=p50
MED,2025-12-27,11,55.092083333333335,55.747595039385466,SAT_INV,BLEND_w=0.00_baseline=p50
MED,2025-12-27,12,55.092083333333335,51.100632149218775,SAT_INV,BLEND_w=0.00_baseline=p50
MED,2025-12-27,13,55.092083333333335,48.32293908025633,SAT_INV,BLEND_w=0.00_baseline=p50
MED,2025-12-27,14,55.092083333333335,47.545023288931674,SAT_INV,BLEND_w=0.00_baseline=p50
MED,2025-12-27,15,55.092083333333335,46.154409845614516,SAT_INV,BLEND_w=0.00_baseline=p50
MED,2025-12-27,16,55.092083333333335,44.846087751451755,SAT_INV,BLEND_w=0.00_baseline=p50
MED,2025-12-27,17,55.092083333333335,47.91290145955768,SAT_INV,BLEND_w=0.00_baseline=p50
MED,2025-12-27,18,55.092083333333335,55.651874989417536,SAT_INV,BLEND_w=0.00_baseline=p50
MED,2025-12-27,19,55.092083333333335,65.96215449977251,SAT_INV,BLEND_w=0.00_baseline=p50
MED,2025-12-27,20,55.092083333333335,73.9368509045538,SAT_INV,BLEND_w=0.00_baseline=p50
MED,2025-12-27,21,55.092083333333335,76.98235001386595,SAT_INV,BLEND_w=0.00_baseline=p50
MED,2025-12-27,22,55.092083333333335,71.14093998393913,SAT_INV,BLEND_w=0.00_baseline=p50
MED,2025-12-27,23,55.092083333333335,63.88303640760442,SAT_INV,BLEND_w=0.00_baseline=p50
MED,2025-12-27,24,55.092083333333335,58.577447118823095,SAT_INV,BLEND_w=0.00_baseline=p50
MED,2025-12-28,1,53.92875,58.40371402567233,DOM_INV,BLEND_w=0.00_baseline=p50
MED,2025-12-28,2,53.92875,50.72185557856729,DOM_INV,BLEND_w=0.00_baseline=p50
MED,2025-12-28,3,53.92875,46.12912670669699,DOM_INV,BLEND_w=0.00_baseline=p50
MED,2025-12-28,4,53.92875,41.81592757187644,DOM_INV,BLEND_w=0.00_baseline=p50
MED,2025-12-28,5,53.92875,40.106282345085056,DOM_INV,BLEND_w=0.00_baseline=p50
MED,2025-12-28,6,53.92875,39.79195981501607,DOM_INV,BLEND_w=0.00_baseline=p50
MED,2025-12-28,7,53.92875,40.87043994261154,DOM_INV,BLEND_w=0.00_baseline=p50
MED,2025-12-28,8,53.92875,43.78648278101,DOM_INV,BLEND_w=0.00_baseline=p50
MED,2025-12-28,9,53.92875,47.05445558601555,DOM_INV,BLEND_w=0.00_baseline=p50
MED,2025-12-28,10,53.92875,49.404764737011874,DOM_INV,BLEND_w=0.00_baseline=p50
MED,2025-12-28,11,53.92875,49.111700712845526,DOM_INV,BLEND_w=0.00_baseline=p50
MED,2025-12-28,12,53.92875,47.13269007676604,DOM_INV,BLEND_w=0.00_baseline=p50
MED,2025-12-28,13,53.92875,45.45755464077135,DOM_INV,BLEND_w=0.00_baseline=p50
MED,2025-12-28,14,53.92875,45.96315683007901,DOM_INV,BLEND_w=0.00_baseline=p50
MED,2025-12-28,15,53.92875,44.522075356096316,DOM_INV,BLEND_w=0.00_baseline=p50
MED,2025-12-28,16,53.92875,41.998727229658904,DOM_INV,BLEND_w=0.00_baseline=p50
MED,2025-12-28,17,53.92875,46.57836610646657,DOM_INV,BLEND_w=0.00_baseline=p50
MED,2025-12-28,18,53.92875,58.62212748661785,DOM_INV,BLEND_w=0.00_baseline=p50
MED,2025-12-28,19,53.92875,69.74688472790416,DOM_INV,BLEND_w=0.00_baseline=p50
MED,2025-12-28,20,53.92875,77.63121158676134,DOM_INV,BLEND_w=0.00_baseline=p50
MED,2025-12-28,21,53.92875,83.16637437878133,DOM_INV,BLEND_w=0.00_baseline=p50
MED,2025-12-28,22,53.92875,80.90869171050376,DOM_INV,BLEND_w=0.00_baseline=p50
MED,2025-12-28,23,53.92875,72.18547089633648,DOM_INV,BLEND_w=0.00_baseline=p50
MED,2025-12-28,24,53.92875,64.51111746941385,DOM_INV,BLEND_w=0.00_baseline=p50
MED,2025-12-29,1,62.4025,56.33569669862722,LAB_INV,BLEND_w=0.00_baseline=p50
MED,2025-12-29,2,62.4025,51.02704796633507,LAB_INV,BLEND_w=0.00_baseline=p50
MED,2025-12-29,3,62.4025,47.15599620536468,LAB_INV,BLEND_w=0.00_baseline=p50
MED,2025-12-29,4,62.4025,44.88305002174265,LAB_INV,BLEND_w=0.00_baseline=p50
MED,2025-12-29,5,62.4025,44.09142092582073,LAB_INV,BLEND_w=0.00_baseline=p50
MED,2025-12-29,6,62.4025,46.96848582600613,LAB_INV,BLEND_w=0.00_baseline=p50
MED,2025-12-29,7,62.4025,54.715157006090756,LAB_INV,BLEND_w=0.00_baseline=p50
MED,2025-12-29,8,62.4025,65.76564563754032,LAB_INV,BLEND_w=0.00_baseline=p50
MED,2025-12-29,9,62.4025,71.85544132750033,LAB_INV,BLEND_w=0.00_baseline=p50
MED,2025-12-29,10,62.4025,71.57505633987293,LAB_INV,BLEND_w=0.00_baseline=p50
MED,2025-12-29,11,62.4025,67.2127069878079,LAB_INV,BLEND_w=0.00_baseline=p50
MED,2025-12-29,12,62.4025,63.27419463141239,LAB_INV,BLEND_w=0.00_baseline=p50
MED,2025-12-29,13,62.4025,61.156720754342224,LAB_INV,BLEND_w=0.00_baseline=p50
MED,2025-12-29,14,62.4025,59.842599570934105,LAB_INV,BLEND_w=0.00_baseline=p50
MED,2025-12-29,15,62.4025,58.0593177954935,LAB_INV,BLEND_w=0.00_baseline=p50
MED,2025-12-29,16,62.4025,57.82513124329662,LAB_INV,BLEND_w=0.00_baseline=p50
MED,2025-12-29,17,62.4025,60.88918107652962,LAB_INV,BLEND_w=0.00_baseline=p50
MED,2025-12-29,18,62.4025,68.05529385815213,LAB_INV,BLEND_w=0.00_baseline=p50
MED,2025-12-29,19,62.4025,75.19084723273627,LAB_INV,BLEND_w=0.00_baseline=p50
MED,2025-12-29,20,62.4025,80.80093279680798,LAB_INV,BLEND_w=0.00_baseline=p50
MED,2025-12-29,21,62.4025,80.90570551214809,LAB_INV,BLEND_w=0.00_baseline=p50
MED,2025-12-29,22,62.4025,75.22271929771563,LAB_INV,BLEND_w=0.00_baseline=p50
MED,2025-12-29,23,62.4025,67.87305239890145,LAB_INV,BLEND_w=0.00_baseline=p50
MED,2025-12-29,24,62.4025,60.91624753949056,LAB_INV,BLEND_w=0.00_baseline=p50
HIGH,2025-12-23,1,140.55,126.88565635979415,LAB_INV,ANCHOR_TOMORROW_MEAN
HIGH,2025-12-23,2,140.55,114.92891457342886,LAB_INV,ANCHOR_TOMORROW_MEAN
HIGH,2025-12-23,3,140.55,106.21009201015995,LAB_INV,ANCHOR_TOMORROW_MEAN
HIGH,2025-12-23,4,140.55,101.09070438773975,LAB_INV,ANCHOR_TOMORROW_MEAN
HIGH,2025-12-23,5,140.55,99.30770740153206,LAB_INV,ANCHOR_TOMORROW_MEAN
HIGH,2025-12-23,6,140.55,105.78775983085873,LAB_INV,ANCHOR_TOMORROW_MEAN
HIGH,2025-12-23,7,140.55,123.23569275599624,LAB_INV,ANCHOR_TOMORROW_MEAN
HIGH,2025-12-23,8,140.55,148.12485868925592,LAB_INV,ANCHOR_TOMORROW_MEAN
HIGH,2025-12-23,9,140.55,161.84098839918548,LAB_INV,ANCHOR_TOMORROW_MEAN
HIGH,2025-12-23,10,140.55,161.2094734757284,LAB_INV,ANCHOR_TOMORROW_MEAN
HIGH,2025-12-23,11,140.55,151.38409466185493,LAB_INV,ANCHOR_TOMORROW_MEAN
HIGH,2025-12-23,12,140.55,142.51332968142322,LAB_INV,ANCHOR_TOMORROW_MEAN
HIGH,2025-12-23,13,140.55,137.74411445090823,LAB_INV,ANCHOR_TOMORROW_MEAN
HIGH,2025-12-23,14,140.55,134.78430142534015,LAB_INV,ANCHOR_TOMORROW_MEAN
HIGH,2025-12-23,15,140.55,130.76779161342273,LAB_INV,ANCHOR_TOMORROW_MEAN
HIGH,2025-12-23,16,140.55,130.24033005481093,LAB_INV,ANCHOR_TOMORROW_MEAN
HIGH,2025-12-23,17,140.55,137.14153119356175,LAB_INV,ANCHOR_TOMORROW_MEAN
HIGH,2025-12-23,18,140.55,153.28186453689005,LAB_INV,ANCHOR_TOMORROW_MEAN
HIGH,2025-12-23,19,140.55,169.35336851185585,LAB_INV,ANCHOR_TOMORROW_MEAN
HIGH,2025-12-23,20,140.55,181.98904057676157,LAB_INV,ANCHOR_TOMORROW_MEAN
HIGH,2025-12-23,21,140.55,182.2250215893981,LAB_INV,ANCHOR_TOMORROW_MEAN
HIGH,2025-12-23,22,140.55,169.42515439756312,LAB_INV,ANCHOR_TOMORROW_MEAN
HIGH,2025-12-23,23,140.55,152.87139961805377,LAB_INV,ANCHOR_TOMORROW_MEAN
HIGH,2025-12-23,24,140.55,137.20249335644243,LAB_INV,ANCHOR_TOMORROW_MEAN
HIGH,2025-12-24,1,157.667975,142.33941298324166,LAB_INV,BLEND_w=0.70_baseline=p90
HIGH,2025-12-24,2,157.667975,128.92642639445404,LAB_INV,BLEND_w=0.70_baseline=p90
HIGH,2025-12-24,3,157.667975,119.14571420708359,LAB_INV,BLEND_w=0.70_baseline=p90
HIGH,2025-12-24,4,157.667975,113.40282214257233,LAB_INV,BLEND_w=0.70_baseline=p90
HIGH,2025-12-24,5,157.667975,111.40266899958783,LAB_INV,BLEND_w=0.70_baseline=p90
HIGH,2025-12-24,6,157.667975,118.67194501826992,LAB_INV,BLEND_w=0.70_baseline=p90
HIGH,2025-12-24,7,157.667975,138.24491017118532,LAB_INV,BLEND_w=0.70_baseline=p90
HIGH,2025-12-24,8,157.667975,166.1653967747857,LAB_INV,BLEND_w=0.70_baseline=p90
HIGH,2025-12-24,9,157.667975,181.55205203058034,LAB_INV,BLEND_w=0.70_baseline=p90
HIGH,2025-12-24,10,157.667975,180.84362315001286,LAB_INV,BLEND_w=0.70_baseline=p90
HIGH,2025-12-24,11,157.667975,169.82158415185324,LAB_INV,BLEND_w=0.70_baseline=p90
HIGH,2025-12-24,12,157.667975,159.87042405818138,LAB_INV,BLEND_w=0.70_baseline=p90
HIGH,2025-12-24,13,157.667975,154.52035285409417,LAB_INV,BLEND_w=0.70_baseline=p90
HIGH,2025-12-24,14,157.667975,151.2000559766844,LAB_INV,BLEND_w=0.70_baseline=p90
HIGH,2025-12-24,15,157.667975,146.69436427542044,LAB_INV,BLEND_w=0.70_baseline=p90
HIGH,2025-12-24,16,157.667975,146.1026617081016,LAB_INV,BLEND_w=0.70_baseline=p90
HIGH,2025-12-24,17,157.667975,153.84437930763582,LAB_INV,BLEND_w=0.70_baseline=p90
HIGH,2025-12-24,18,157.667975,171.9504886926771,LAB_INV,BLEND_w=0.70_baseline=p90
HIGH,2025-12-24,19,157.667975,189.9793857893495,LAB_INV,BLEND_w=0.70_baseline=p90
HIGH,2025-12-24,20,157.667975,204.15399146162096,LAB_INV,BLEND_w=0.70_baseline=p90
HIGH,2025-12-24,21,157.667975,204.41871325742923,LAB_INV,BLEND_w=0.70_baseline=p90
HIGH,2025-12-24,22,157.667975,190.0599146775249,LAB_INV,BLEND_w=0.70_baseline=p90
HIGH,2025-12-24,23,157.667975,171.49003211095206,LAB_INV,BLEND_w=0.70_baseline=p90
HIGH,2025-12-24,24,157.667975,153.9127662217092,LAB_INV,BLEND_w=0.70_baseline=p90
HIGH,2025-12-25,1,157.28519166666666,170.33658956628997,DOM_INV,BLEND_w=0.30_baseline=p90
HIGH,2025-12-25,2,157.28519166666666,147.93216561414724,DOM_INV,BLEND_w=0.30_baseline=p90
HIGH,2025-12-25,3,157.28519166666666,134.53730218999675,DOM_INV,BLEND_w=0.30_baseline=p90
HIGH,2025-12-25,4,157.28519166666666,121.9576975706286,DOM_INV,BLEND_w=0.30_baseline=p90
HIGH,2025-12-25,5,157.28519166666666,116.9714541072091,DOM_INV,BLEND_w=0.30_baseline=p90
HIGH,2025-12-25,6,157.28519166666666,116.05472083623485,DOM_INV,BLEND_w=0.30_baseline=p90
HIGH,2025-12-25,7,157.28519166666666,119.2001479706955,DOM_INV,BLEND_w=0.30_baseline=p90
HIGH,2025-12-25,8,157.28519166666666,127.70489463635552,DOM_INV,BLEND_w=0.30_baseline=p90
HIGH,2025-12-25,9,157.28519166666666,137.23605805098597,DOM_INV,BLEND_w=0.30_baseline=p90
HIGH,2025-12-25,10,157.28519166666666,144.09082151741856,DOM_INV,BLEND_w=0.30_baseline=p90
HIGH,2025-12-25,11,157.28519166666666,143.2360894642631,DOM_INV,BLEND_w=0.30_baseline=p90
HIGH,2025-12-25,12,157.28519166666666,137.46423183347926,DOM_INV,BLEND_w=0.30_baseline=p90
HIGH,2025-12-25,13,157.28519166666666,132.5786374498147,DOM_INV,BLEND_w=0.30_baseline=p90
HIGH,2025-12-25,14,157.28519166666666,134.05324491340957,DOM_INV,BLEND_w=0.30_baseline=p90
HIGH,2025-12-25,15,157.28519166666666,129.85027755661656,DOM_INV,BLEND_w=0.30_baseline=p90
HIGH,2025-12-25,16,157.28519166666666,122.4908395257252,DOM_INV,BLEND_w=0.30_baseline=p90
HIGH,2025-12-25,17,157.28519166666666,135.84752549569134,DOM_INV,BLEND_w=0.30_baseline=p90
HIGH,2025-12-25,18,157.28519166666666,170.9736004939936,DOM_INV,BLEND_w=0.30_baseline=p90
HIGH,2025-12-25,19,157.28519166666666,203.41936597049462,DOM_INV,BLEND_w=0.30_baseline=p90
HIGH,2025-12-25,20,157.28519166666666,226.41429652531,DOM_INV,BLEND_w=0.30_baseline=p90
HIGH,2025-12-25,21,157.28519166666666,242.55780329394577,DOM_INV,BLEND_w=0.30_baseline=p90
HIGH,2025-12-25,22,157.28519166666666,235.97318838626572,DOM_INV,BLEND_w=0.30_baseline=p90
HIGH,2025-12-25,23,157.28519166666666,210.5315926195002,DOM_INV,BLEND_w=0.30_baseline=p90
HIGH,2025-12-25,24,157.28519166666666,188.14905733597766,DOM_INV,BLEND_w=0.30_baseline=p90
HIGH,2025-12-26,1,197.60991666666663,178.39817843795248,LAB_INV,BLEND_w=0.00_baseline=p90
HIGH,2025-12-26,2,197.60991666666663,161.58728731017948,LAB_INV,BLEND_w=0.00_baseline=p90
HIGH,2025-12-26,3,197.60991666666663,149.32883266657205,LAB_INV,BLEND_w=0.00_baseline=p90
HIGH,2025-12-26,4,197.60991666666663,142.13109690384832,LAB_INV,BLEND_w=0.00_baseline=p90
HIGH,2025-12-26,5,197.60991666666663,139.62424606171797,LAB_INV,BLEND_w=0.00_baseline=p90
HIGH,2025-12-26,6,197.60991666666663,148.735043788896,LAB_INV,BLEND_w=0.00_baseline=p90
HIGH,2025-12-26,7,197.60991666666663,173.26641747329313,LAB_INV,BLEND_w=0.00_baseline=p90
HIGH,2025-12-26,8,197.60991666666663,208.2599856410219,LAB_INV,BLEND_w=0.00_baseline=p90
HIGH,2025-12-26,9,197.60991666666663,227.54453383716827,LAB_INV,BLEND_w=0.00_baseline=p90
HIGH,2025-12-26,10,197.60991666666663,226.65663905667657,LAB_INV,BLEND_w=0.00_baseline=p90
HIGH,2025-12-26,11,197.60991666666663,212.84239296184933,LAB_INV,BLEND_w=0.00_baseline=p90
HIGH,2025-12-26,12,197.60991666666663,200.37031093728373,LAB_INV,BLEND_w=0.00_baseline=p90
HIGH,2025-12-26,13,197.60991666666663,193.66490912819467,LAB_INV,BLEND_w=0.00_baseline=p90
HIGH,2025-12-26,14,197.60991666666663,189.50348326315435,LAB_INV,BLEND_w=0.00_baseline=p90
HIGH,2025-12-26,15,197.60991666666663,183.85636715341508,LAB_INV,BLEND_w=0.00_baseline=p90
HIGH,2025-12-26,16,197.60991666666663,183.1147688991131,LAB_INV,BLEND_w=0.00_baseline=p90
HIGH,2025-12-26,17,197.60991666666663,192.81769157380862,LAB_INV,BLEND_w=0.00_baseline=p90
HIGH,2025-12-26,18,197.60991666666663,215.51061172284687,LAB_INV,BLEND_w=0.00_baseline=p90
HIGH,2025-12-26,19,197.60991666666663,238.10675943683466,LAB_INV,BLEND_w=0.00_baseline=p90
HIGH,2025-12-26,20,197.60991666666663,255.87221019295953,LAB_INV,BLEND_w=0.00_baseline=p90
HIGH,2025-12-26,21,197.60991666666663,256.2039938161685,LAB_INV,BLEND_w=0.00_baseline=p90
HIGH,2025-12-26,22,197.60991666666663,238.20768866410228,LAB_INV,BLEND_w=0.00_baseline=p90
HIGH,2025-12-26,23,197.60991666666663,214.93350792771466,LAB_INV,BLEND_w=0.00_baseline=p90
HIGH,2025-12-26,24,197.60991666666663,192.9034029073317,LAB_INV,BLEND_w=0.00_baseline=p90
HIGH,2025-12-27,1,192.8019583333333,209.57593823804876,SAT_INV,BLEND_w=0.00_baseline=p90
HIGH,2025-12-27,2,192.8019583333333,188.71449124740994,SAT_INV,BLEND_w=0.00_baseline=p90
HIGH,2025-12-27,3,192.8019583333333,170.78759965975289,SAT_INV,BLEND_w=0.00_baseline=p90
HIGH,2025-12-27,4,192.8019583333333,161.08801641978692,SAT_INV,BLEND_w=0.00_baseline=p90
HIGH,2025-12-27,5,192.8019583333333,154.58571329055388,SAT_INV,BLEND_w=0.00_baseline=p90
HIGH,2025-12-27,6,192.8019583333333,153.59434301576388,SAT_INV,BLEND_w=0.00_baseline=p90
HIGH,2025-12-27,7,192.8019583333333,161.0134696326211,SAT_INV,BLEND_w=0.00_baseline=p90
HIGH,2025-12-27,8,192.8019583333333,172.7614034634641,SAT_INV,BLEND_w=0.00_baseline=p90
HIGH,2025-12-27,9,192.8019583333333,186.37863324243932,SAT_INV,BLEND_w=0.00_baseline=p90
HIGH,2025-12-27,10,192.8019583333333,198.12693698371538,SAT_INV,BLEND_w=0.00_baseline=p90
HIGH,2025-12-27,11,192.8019583333333,195.09600736888333,SAT_INV,BLEND_w=0.00_baseline=p90
HIGH,2025-12-27,12,192.8019583333333,178.83335234991117,SAT_INV,BLEND_w=0.00_baseline=p90
HIGH,2025-12-27,13,192.8019583333333,169.11245179683925,SAT_INV,BLEND_w=0.00_baseline=p90
HIGH,2025-12-27,14,192.8019583333333,166.39003363961788,SAT_INV,BLEND_w=0.00_baseline=p90
HIGH,2025-12-27,15,192.8019583333333,161.52339983428516,SAT_INV,BLEND_w=0.00_baseline=p90
HIGH,2025-12-27,16,192.8019583333333,156.94475537898052,SAT_INV,BLEND_w=0.00_baseline=p90
HIGH,2025-12-27,17,192.8019583333333,167.67747146068615,SAT_INV,BLEND_w=0.00_baseline=p90
HIGH,2025-12-27,18,192.8019583333333,194.7610225222599,SAT_INV,BLEND_w=0.00_baseline=p90
HIGH,2025-12-27,19,192.8019583333333,230.84319550041883,SAT_INV,BLEND_w=0.00_baseline=p90
HIGH,2025-12-27,20,192.8019583333333,258.7516896238447,SAT_INV,BLEND_w=0.00_baseline=p90
HIGH,2025-12-27,21,192.8019583333333,269.4098124765439,SAT_INV,BLEND_w=0.00_baseline=p90
HIGH,2025-12-27,22,192.8019583333333,248.96703331381727,SAT_INV,BLEND_w=0.00_baseline=p90
HIGH,2025-12-27,23,192.8019583333333,223.56704953674398,SAT_INV,BLEND_w=0.00_baseline=p90
HIGH,2025-12-27,24,192.8019583333333,204.9994452078208,SAT_INV,BLEND_w=0.00_baseline=p90
HIGH,2025-12-28,1,164.4574166666667,178.10395999167122,DOM_INV,BLEND_w=0.00_baseline=p90
HIGH,2025-12-28,2,164.4574166666667,154.67789142138346,DOM_INV,BLEND_w=0.00_baseline=p90
HIGH,2025-12-28,3,164.4574166666667,140.67222049969132,DOM_INV,BLEND_w=0.00_baseline=p90
HIGH,2025-12-28,4,164.4574166666667,127.51898428929356,DOM_INV,BLEND_w=0.00_baseline=p90
HIGH,2025-12-28,5,164.4574166666667,122.3053674816611,DOM_INV,BLEND_w=0.00_baseline=p90
HIGH,2025-12-28,6,164.4574166666667,121.34683105544546,DOM_INV,BLEND_w=0.00_baseline=p90
HIGH,2025-12-28,7,164.4574166666667,124.63569007240187,DOM_INV,BLEND_w=0.00_baseline=p90
HIGH,2025-12-28,8,164.4574166666667,133.52825428151752,DOM_INV,BLEND_w=0.00_baseline=p90
HIGH,2025-12-28,9,164.4574166666667,143.49403997557,DOM_INV,BLEND_w=0.00_baseline=p90
HIGH,2025-12-28,10,164.4574166666667,150.66138153903813,DOM_INV,BLEND_w=0.00_baseline=p90
HIGH,2025-12-28,11,164.4574166666667,149.76767359416021,DOM_INV,BLEND_w=0.00_baseline=p90
HIGH,2025-12-28,12,164.4574166666667,143.73261851193618,DOM_INV,BLEND_w=0.00_baseline=p90
HIGH,2025-12-28,13,164.4574166666667,138.62424039506018,DOM_INV,BLEND_w=0.00_baseline=p90
HIGH,2025-12-28,14,164.4574166666667,140.16609014894004,DOM_INV,BLEND_w=0.00_baseline=p90
HIGH,2025-12-28,15,164.4574166666667,135.77146693929055,DOM_INV,BLEND_w=0.00_baseline=p90
HIGH,2025-12-28,16,164.4574166666667,128.0764375862169,DOM_INV,BLEND_w=0.00_baseline=p90
HIGH,2025-12-28,17,164.4574166666667,142.04219015689623,DOM_INV,BLEND_w=0.00_baseline=p90
HIGH,2025-12-28,18,164.4574166666667,178.77001869973188,DOM_INV,BLEND_w=0.00_baseline=p90
HIGH,2025-12-28,19,164.4574166666667,212.6953152613199,DOM_INV,BLEND_w=0.00_baseline=p90
HIGH,2025-12-28,20,164.4574166666667,236.73881761142567,DOM_INV,BLEND_w=0.00_baseline=p90
HIGH,2025-12-28,21,164.4574166666667,253.61847036816604,DOM_INV,BLEND_w=0.00_baseline=p90
HIGH,2025-12-28,22,164.4574166666667,246.7335961725276,DOM_INV,BLEND_w=0.00_baseline=p90
HIGH,2025-12-28,23,164.4574166666667,220.13186036165035,DOM_INV,BLEND_w=0.00_baseline=p90
HIGH,2025-12-28,24,164.4574166666667,196.72867858609135,DOM_INV,BLEND_w=0.00_baseline=p90
HIGH,2025-12-29,1,197.60991666666663,178.39817843795248,LAB_INV,BLEND_w=0.00_baseline=p90
HIGH,2025-12-29,2,197.60991666666663,161.58728731017948,LAB_INV,BLEND_w=0.00_baseline=p90
HIGH,2025-12-29,3,197.60991666666663,149.32883266657205,LAB_INV,BLEND_w=0.00_baseline=p90
HIGH,2025-12-29,4,197.60991666666663,142.13109690384832,LAB_INV,BLEND_w=0.00_baseline=p90
HIGH,2025-12-29,5,197.60991666666663,139.62424606171797,LAB_INV,BLEND_w=0.00_baseline=p90
HIGH,2025-12-29,6,197.60991666666663,148.735043788896,LAB_INV,BLEND_w=0.00_baseline=p90
HIGH,2025-12-29,7,197.60991666666663,173.26641747329313,LAB_INV,BLEND_w=0.00_baseline=p90
HIGH,2025-12-29,8,197.60991666666663,208.2599856410219,LAB_INV,BLEND_w=0.00_baseline=p90
HIGH,2025-12-29,9,197.60991666666663,227.54453383716827,LAB_INV,BLEND_w=0.00_baseline=p90
HIGH,2025-12-29,10,197.60991666666663,226.65663905667657,LAB_INV,BLEND_w=0.00_baseline=p90
HIGH,2025-12-29,11,197.60991666666663,212.84239296184933,LAB_INV,BLEND_w=0.00_baseline=p90
HIGH,2025-12-29,12,197.60991666666663,200.37031093728373,LAB_INV,BLEND_w=0.00_baseline=p90
HIGH,2025-12-29,13,197.60991666666663,193.66490912819467,LAB_INV,BLEND_w=0.00_baseline=p90
HIGH,2025-12-29,14,197.60991666666663,189.50348326315435,LAB_INV,BLEND_w=0.00_baseline=p90
HIGH,2025-12-29,15,197.60991666666663,183.85636715341508,LAB_INV,BLEND_w=0.00_baseline=p90
HIGH,2025-12-29,16,197.60991666666663,183.1147688991131,LAB_INV,BLEND_w=0.00_baseline=p90
HIGH,2025-12-29,17,197.60991666666663,192.81769157380862,LAB_INV,BLEND_w=0.00_baseline=p90
HIGH,2025-12-29,18,197.60991666666663,215.51061172284687,LAB_INV,BLEND_w=0.00_baseline=p90
HIGH,2025-12-29,19,197.60991666666663,238.10675943683466,LAB_INV,BLEND_w=0.00_baseline=p90
HIGH,2025-12-29,20,197.60991666666663,255.87221019295953,LAB_INV,BLEND_w=0.00_baseline=p90
HIGH,2025-12-29,21,197.60991666666663,256.2039938161685,LAB_INV,BLEND_w=0.00_baseline=p90
HIGH,2025-12-29,22,197.60991666666663,238.20768866410228,LAB_INV,BLEND_w=0.00_baseline=p90
HIGH,2025-12-29,23,197.60991666666663,214.93350792771466,LAB_INV,BLEND_w=0.00_baseline=p90
HIGH,2025-12-29,24,197.60991666666663,192.9034029073317,LAB_INV,BLEND_w=0.00_baseline=p90
